Marca temporal,Reviewer name,Location,Biome,Taxonomic group,Conservation problem,Stakeholder population,Type of scientific evidence,Study design,Data collected,Factors influencing evidence use,rayyan key,Evidence discipline,Scale of study,Scale of decision-making,Type of organisation studied,Description of decision type
15/09/2025 12:48,Philip Martin,USA,Not mentioned,Not mentioned,Not mentioned,Practitioners,Peer-reviewed studies,Surveys,Opinions,"Accessibility of evidence, Format and language, Relevance, Source of evidence, Social, political, and economic context, Practitioner/policymaker research skills, Practitioner/policymaker personal characteristics, Capacity and resources",rayyan-83178000,,,,,
17/09/2025 13:00,Philip Martin,None mentioned,Not mentioned,Not mentioned,Not mentioned,Researchers,Ecological models,Interviews,Views and experiences,"Format and language, Relevance, Uncertainty, Scientist-actor relationships, Social, political, and economic context, Practitioner/policymaker research skills, Practitioner/policymaker personal characteristics, Culture of practitioner/policymakers",rayyan-83177408,,,,,
24/09/2025 11:52,Philip Martin,Bolivia,Forest,Not mentioned,Not mentioned,"Researchers, Practitioners, Policymakers, Indigenous groups included (I considered them to be practitioners in this context)",Research data,"Surveys, Interviews, Documentary analysis",Views and opinions,"Accessibility of evidence, Relevance, Social, political, and economic context, Researcher skills and awareness, Practitioner/policmaker attitude towards evidence use",rayyan-83177414,Both natural and social sciences,,,,
24/09/2025 12:10,Philip Martin,South Africa,Grassland,Not mentioned,"Climate change, land-use change","Researchers, Policymakers",Research projects,Workshops,Opinions,"Accessibility of evidence, Format and language, Relevance, Scientist-actor relationships, Culture of researchers, Culture of practitioner/policymakers, Capacity and resources",rayyan-83177415,Natural sciences,,,,
24/09/2025 12:23,Philip Martin,Global,Not mentioned,Not mentioned,Not mentioned,"Researchers, Practitioners",No description provided,Surveys,Opinions,"Accessibility of evidence, Format and language, Relevance, Practitioner/policymaker research skills, Capacity and resources",rayyan-83177416,Natural sciences,,,,
24/09/2025 12:36,Philip Martin,Estonia,Not mentioned,"Birds, Plants",Not mentioned,"Researchers, Practitioners, Policymakers",Citizen science data,"Surveys, Interviews",Opinions,"Accessibility of evidence, Quantity of information, Rigour, Capacity and resources",rayyan-83177418,Natural sciences,,,,
24/09/2025 12:54,Philip Martin,Africa,Not mentioned,Not mentioned,Not mentioned,"Practitioners, Policymakers",No description provided,Workshops,Opinions,"Existence of evidence, Accessibility of evidence, Format and language, Quantity of information, Rigour, Timelieness of evidence, Practitioner/policmaker attitude towards evidence use, Practitioner/policymaker research skills, Capacity and resources",rayyan-83177421,Natural sciences,,,,
25/09/2025 10:58,Philip Martin,Global,Not mentioned,Not mentioned,Not mentioned,Researchers,Scenarios,Surveys,Opinions,"Relevance, Uncertainty, Scale",rayyan-83177422,Both natural and social sciences,,,,
25/09/2025 11:06,Philip Martin,Global,Marine,Fish,Sustainable shark fisheries,Practitioners,Peer-reviewed studies,"Surveys, Interviews",Opinions,"Relevance, Scientist-actor relationships",rayyan-83177423,Natural sciences,,,,
25/09/2025 11:30,Philip Martin,Australia,Freshwater,Invertebrates,"Overfishing, habitat degradation",Practitioners,Peer-reviewed studies,"Focus groups, Documentary analysis",Opinions,"Format and language, Scientist-actor relationships, Researcher skills and awareness",rayyan-83177435,Both natural and social sciences,,,,
25/09/2025 11:36,Philip Martin,USA,Not mentioned,Not mentioned,Not mentioned,"Researchers, Practitioners",Research data,Surveys,Opinions,Format and language,rayyan-83177440,Natural sciences,,,,
25/09/2025 12:24,Philip Martin,Australia,Not mentioned,Not mentioned,Protected area managment,Practitioners,No description provided,Surveys,Opinions,"Accessibility of evidence, Format and language, Nature of decision, Practitioner/policymaker research skills",rayyan-83177449,Not mentioned,,,,
25/09/2025 12:41,Philip Martin,Belize,Marine,Not mentioned,Marie Protected Area management,"Researchers, Practitioners",No description provided,Interviews,Opinions,"Source of evidence, Scientist-actor relationships, Nature of decision, Practitioner/policmaker attitude towards evidence use, Other stakeholder values and beliefs",rayyan-83177457,Not mentioned,,,,
25/09/2025 13:17,Philip Martin,USA,Not mentioned,Not mentioned,Not mentioned,Practitioners,Research data,Surveys,Opinions,"Source of evidence, Scientist-actor relationships, Relationships between colleagues",rayyan-83177458,Not mentioned,,,,
25/09/2025 13:38,Philip Martin,Vietnam,Not mentioned,Animals and plants,Not mentioned,"Researchers, Practitioners",Redlists,"Interviews, Documentary analysis",Opinions and records from documents,"Format and language, Relevance, Rigour, Timelieness of evidence",rayyan-83177462,Natural sciences,,,,
25/09/2025 13:52,Philip Martin,Europe,Not mentioned,Not mentioned,Not mentioned,"Researchers, Practitioners, Policymakers",Multiple forms of scientific evidence,"Interviews, Focus groups",Opinions,"Format and language, Rigour, Timelieness of evidence, Scientist-actor relationships, Relationships between colleagues, Practitioner/policymaker research skills",rayyan-83177470,Both natural and social sciences,,,,
25/09/2025 14:01,Philip Martin,New Zealand,Forest,Not mentioned,Forest restoration,Practitioners,No description provided,Surveys,Opinions,"Practitioner/policymaker research skills, Capacity and resources",rayyan-83177471,Natural sciences,,,,
01/10/2025 10:21,Philip Martin,USA,Not mentioned,Not mentioned,Climate change,"Researchers, Practitioners",Mixture of different tyoes including climate models and qualitative assessments drawn from literature,Interviews,Mixed data,"Quantity of information, Relevance, Scientist-actor relationships, Social, political, and economic context, Capacity and resources, Management, Other stakeholder values and beliefs",rayyan-83177488,Natural sciences,Multi-region,Regional,,
01/10/2025 10:34,Philip Martin,Australia,Marine,Not mentioned,Not reported,"Researchers, Practitioners, Policymakers",No description provided,"Surveys, Interviews",Stakeholder perceptions,"Rigour, Practitioner/policymaker-stakeholder relationships",rayyan-83177706,Not mentioned,Multi-region,Local,,
01/10/2025 11:10,Philip Martin,Global,Not mentioned,Not mentioned,"Various: Grazing impacts of reindeer, managment of protected forests","Researchers, Practitioners, Policymakers",Peer-reviewed studies,Interviews,Stakeholder perceptions,"Existence of evidence, Format and language, Time lag, Relevance, Uncertainty, Inconclusive, Timeliness of evidence, Practitioner/policymaker research skills",rayyan-83177713,Natural sciences,Multi-country,Not reported,,
01/10/2025 11:31,Philip Martin,Global,Forest,Not mentioned,"Multiple: forest management and governdance, climate change impacts, climate change mitigation, wetland conservation, ","Researchers, Practitioners",Research produced during projects,Documentary analysis,Stakeholder perceptions,"Relevance, Scientist-actor relationships",rayyan-83177991,Not mentioned,Single,Not reported,,
01/10/2025 11:41,Philip Martin,Germany,Forest,Not mentioned,Not reported,Practitioners,No description provided,Interviews,Stakeholder perceptions,"Rigour, Practitioner/policymaker-stakeholder relationships",rayyan-83177996,Natural sciences,Multi-region,Regional,,
06/10/2025 16:27,Philip Martin,Canada,Freshwater,Fish,Not reported,"Researchers, Practitioners",No description provided,Interviews,Stakeholder perceptions,"Time lag, Quantity of information, Inconclusive, Scientist-actor relationships, Practitioner/policymaker research skills, Capacity and resources",rayyan-153485131,Natural sciences,Single,Regional,"Government/statutory body, NGO/non-profit, Private sector, Academic institution, First nations group",Not linked to a specific decision
06/10/2025 17:06,Philip Martin,UK,"Forest, Grassland, Shrubland, Freshwater",Not mentioned,Not reported,"Researchers, Practitioners",No description provided,"Interviews, Workshops",Stakeholder perceptions,"Accessibility of evidence, Relevance, Rigour, Timeliness of evidence, Scientist-actor relationships",rayyan-153485180,Not mentioned,Multi-region,Regional,"Government/statutory body, NGO/non-profit, Academic institution, Research funders",Catchment and upland management
06/10/2025 17:22,Philip Martin,Canada,Freshwater,Fish,Not reported,"Researchers, Practitioners","Data, Peer-reviewed studies",Interviews,Stakeholder perceptions,"Accessibility of evidence, Rigour, Uncertainty, Social, political, and economic context, Practitioner/policymaker research skills, Capacity and resources",rayyan-153485295,Natural sciences,Multi-unit,Regional,"Government/statutory body, NGO/non-profit, Private sector, Academic institution",Fisheries management
07/10/2025 11:37,Philip Martin,Australia,Not mentioned,Not mentioned,Not reported,Practitioners,Site-level research and monitoring data,Surveys,Stakeholder perceptions,Existence of evidence,rayyan-153485431,Both natural and social sciences,Multi-region,Regional,Government/statutory body,Protected area management
07/10/2025 16:58,Philip Martin,France,Not mentioned,Not mentioned,"Agriculture impacts, Assessment of conservation status, Invasive species, Plant reintroduction","Researchers, Practitioners","Analyses of data, Protocol for survey of endangered species, Reintroduction protocol","Surveys, Interviews, Workshops",Mixed data,"Accessibility of evidence, Source of evidence, Scientist-actor relationships, Social, political, and economic context, Capacity and resources",rayyan-153485453,Natural sciences,Multi-unit,Regional,"NGO/non-profit, Academic institution","Public policy design, public policy assessment, agenda setting"
10/10/2025 12:11,Philip Martin,Global,Marine,Not mentioned,Not reported,"Researchers, Knowledge-brokers, Advisors",No description provided,Surveys,Stakeholder perceptions,"Rigour, Timeliness of evidence, Scientist-actor relationships, Relationships between colleagues, Nature of decision, Social, political, and economic context, Researcher skills and awareness, Practitioner/policmaker attitude towards evidence use, Practitioner/policymaker personal characteristics, Capacity and resources, Management, Practitioner/policymaker-stakeholder relationships",rayyan-153485643,Not mentioned,Not reported,Not reported,Not detailed,Not detailed
10/10/2025 12:22,Philip Martin,USA,Not mentioned,Not mentioned,Climate change,"Researchers, Practitioners",Multiple,"Surveys, Interviews, Documentary analysis",Stakeholder perceptions,"Scientist-actor relationships, Relationships between colleagues, Practitioner/policymaker-stakeholder relationships",rayyan-153485833,Natural sciences,Single,Regional,Government/statutory body,Consideration of climate change in Wyoming Statewide Habitat Plan
10/10/2025 12:36,Philip Martin,Netherlands,Marine,Not mentioned,Marine spatial planning,"Researchers, Policymakers",No description provided,"Interviews, Focus groups, Workshops, Documentary analysis",Mixed data,"Time lag, Quantity of information, Rigour, Uncertainty, Timeliness of evidence, Scientist-actor relationships, Nature of decision, Social, political, and economic context, Researcher skills and awareness, Practitioner/policmaker attitude towards evidence use, Practitioner/policymaker research skills, Capacity and resources",rayyan-153486288,Not mentioned,Multi-unit,National,"Government/statutory body, Academic institution",Marine spatial planning in the Dutch North Sea
10/10/2025 12:51,Philip Martin,"USA, Mexico",Marine,Not mentioned,Overexploitation,"Researchers, Practitioners",No description provided,Interviews,Stakeholder perceptions,"Relevance, Rigour, Source of evidence, Scientist-actor relationships, Practitioner/policymaker awareness of evidence, Capacity and resources, Management",rayyan-153486399,Both natural and social sciences,Multi-unit,Regional,"Government/statutory body, NGO/non-profit, Academic institution",Largely focussed on fisheries management
13/10/2025 10:33,Philip Martin,USA,Marine,"Invertebrates, Shellfish (coded as invertebrates)",Overexploitation,"Researchers, Practitioners",No description provided,"Interviews, Documentary analysis",Mixed data,"Accessibility of evidence, Scientist-actor relationships",rayyan-153486477,Natural sciences,Multi-unit,Local,"Government/statutory body, Private sector, Academic institution",
13/10/2025 10:57,Philip Martin,"Argentina, Belarus, Brazil,  China, Chile, Colombia, Costa Rica, Czech Republic, France, Finland, Germany, Guatemala, Greece, Hungary, Indonesia, Italy, Japan, Lebanon, Malaysia, Mexico, Mozambique, Norway, Paraguay, Poland, Romania, Russia, Senegal, Slovakia, Spain, South Korea, Switzerland, Taiwan, Turkey, Ukraine, Vietnam ",Not mentioned,Not mentioned,Not reported,"Researchers, Practitioners",Peer-reviewed studies,Surveys,Stakeholder perceptions,"Accessibility of evidence, Language barrier, Relevance, Rigour",rayyan-153486661,Natural sciences,Multi-country,National,"Government/statutory body, NGO/non-profit, Private sector, Academic institution",National reports on biodiversity assessments
13/10/2025 11:05,Philip Martin,Australia,Marine,Fish,Overexploitation,"Practitioners, Recrational fishers: coded as practitioners",No description provided,Surveys,Stakeholder perceptions,Format and language,rayyan-153486695,Natural sciences,Single,Local,Local recreational fishers,Management of fish stocks
13/10/2025 11:22,Philip Martin,Australia,Not mentioned,Not mentioned,Species conservation prioritisation,"Researchers, Practitioners, Mining and agriculture representatives, Indigenous representatives",No description provided,Interviews,Stakeholder perceptions,"Existence of evidence, Source of evidence, Scientist-actor relationships, Social, political, and economic context, Capacity and resources",rayyan-153486753,Natural sciences,Multi-unit,Regional,"Government/statutory body, NGO/non-profit, Community/local organisation, Private sector",Species conservation prioritisation
13/10/2025 11:28,Philip Martin,Australia,Marine,Not mentioned,Not reported,Researchers,No description provided,Surveys,Stakeholder perceptions,"Scientist-actor relationships, Researcher skills and awareness, Academic demands on researchers, Culture of researchers, Practitioner/policymaker research skills, Practitioner/policymaker awareness of evidence",rayyan-153486972,Both natural and social sciences,Multi-region,Not reported,Academic institution,Not described
13/10/2025 13:53,Philip Martin,Global,Not mentioned,Not mentioned,Not reported,"Researchers, Practitioners, Policymakers",No description provided,Interviews,Stakeholder perceptions,"Existence of evidence, Language barrier, Relevance, Source of evidence, Social, political, and economic context",rayyan-153487561,Both natural and social sciences,Multi-country,International,"Government/statutory body, NGO/non-profit, Academic institution",Conservation and sustainable use of marine biological diversity of areas beyond national jurisdiction - linked to UN Convention on the Law of the Sea
13/10/2025 14:06,Philip Martin,"Spain, Italy, Slovenia, Croatia","Marine, Terrestrial ecosystems",Not mentioned,Protected area management,Practitioners,Decision-making tools,Surveys,Stakeholder perceptions,"Relevance, Capacity and resources",rayyan-153487686,Not mentioned,Multi-country,Regional,Government/statutory body,Protected area management
14/10/2025 10:12,Philip Martin,Poland,Not mentioned,Not mentioned,Urbanisation,Practitioners,Decision-making tools,Surveys,Stakeholder perceptions,Format and language,rayyan-83177478,Natural sciences,Multi-region,Not reported,Private sector,Urban planning
14/10/2025 10:30,Philip Martin,Israel,Not mentioned,Not mentioned,Not reported,"Researchers, Practitioners",Peer-reviewed studies,"Interviews, Documentary analysis",Mixed data,"Accessibility of evidence, Format and language, Language barrier, Relevance, Rigour, Spatial/temporal scale of evidence, Scientist-actor relationships, Relationships between colleagues, Social, political, and economic context, Researcher skills and awareness, Practitioner/policymaker research skills, Practitioner/policymaker awareness of evidence, Capacity and resources, Practitioner/policymaker-stakeholder relationships",rayyan-83177550,Natural sciences,Multi-region,National,"Government/statutory body, Academic institution",Land-use planning and management
14/10/2025 10:48,Philip Martin,"Canada, Sweden, UK, Spain, Laos, New Zealand, Sri Lanka, Chile, USA, Kenya, Jordan, Ecuador, Argentina, Madagascar, Australia, ","Marine, Freshwater","Invertebrates, Fish",Overexploitation,"Researchers, Practitioners",No description provided,Interviews,Stakeholder perceptions,"Existence of evidence, Relevance, Uncertainty",rayyan-83177565,Natural sciences,Multi-country,Local,Not detailed,Small scale fisheries management
14/10/2025 11:00,Philip Martin,Sweden,Forest,Plants,Overexploitation,Policymakers,No description provided,Documentary analysis,Document-based data,"Existence of evidence, Social, political, and economic context",rayyan-83177582,Natural sciences,Single,National,Government/statutory body,Policy around green tree retention and continuous cover forestry
14/10/2025 11:22,Philip Martin,Finland,Forest,Not mentioned,Land use change,"Researchers, Practitioners",No description provided,Focus groups,Stakeholder perceptions,"Existence of evidence, Format and language, Time lag, Uncertainty, Scientist-actor relationships, Relationships between colleagues, Practitioner/policymaker research skills, Practitioner/policymaker awareness of evidence, Practitioner/policymaker-stakeholder relationships",rayyan-83177615,Both natural and social sciences,Multi-region,Not reported,"Government/statutory body, Private sector, Academic institution",Forest management and conservation
14/10/2025 11:31,Philip Martin,UK,Forest,Plants,Not reported,Practitioners,Decision-making tools,"Surveys, Documentary analysis",Mixed data,"Relevance, Rigour, Spatial/temporal scale of evidence, Relationships between colleagues, Social, political, and economic context, Practitioner/policmaker attitude towards evidence use, Capacity and resources, Management",rayyan-83177646,Natural sciences,Multi-region,Local,"Community/local organisation, Private sector",Use of i-Tree tool in ecosystem assessments
14/10/2025 12:00,Philip Martin,USA,Freshwater,Not mentioned,Climate change,Practitioners,No description provided,Interviews,Stakeholder perceptions,"Relevance, Scientist-actor relationships, Social, political, and economic context, Management",rayyan-83177648,Natural sciences,Multi-region,Regional,Government/statutory body,Watershed management
14/10/2025 12:21,Philip Martin,USA,Agricultural land,Not mentioned,Land use change,Practitioners,Decision-making tools,Surveys,Stakeholder perceptions,"Relevance, Practitioner/policmaker attitude towards evidence use, Practitioner/policymaker research skills, Capacity and resources",rayyan-83177651,Natural sciences,Multi-region,Local,Government/statutory body,Assessment of rangeland health
14/10/2025 12:34,Philip Martin,USA,Not mentioned,Not mentioned,Climate change,Practitioners,Multiple types,Surveys,Stakeholder perceptions,"Accessibility of evidence, Format and language, Relevance, Rigour, Uncertainty, Social, political, and economic context, Practitioner/policymaker research skills, Practitioner/policymaker awareness of evidence, Capacity and resources, Management",rayyan-83177670,Natural sciences,Multi-region,Regional,Government/statutory body,Land management
14/10/2025 12:47,Philip Martin,"Australia, South Africa",Freshwater,Not mentioned,"Climate change, Water use","Researchers, Practitioners",Peer-reviewed studies,Interviews,Stakeholder perceptions,"Scientist-actor relationships, Relationships between colleagues",rayyan-83177688,Natural sciences,Multi-country,Not reported,"Government/statutory body, Private sector, Academic institution",
16/10/2025 11:10,Philip Martin,USA,Marine,Not mentioned,Not reported,"Researchers, Practitioners",No description provided,"Surveys, Documentary analysis",Stakeholder perceptions,"Existence of evidence, Accessibility of evidence, Format and language, Relevance, Rigour, Source of evidence, Timeliness of evidence, Scientist-actor relationships, Practitioner/policymaker research skills, Capacity and resources, Practitioner/policymaker-stakeholder relationships",rayyan-83177772,Not mentioned,Multi-unit,Regional,Government/statutory body,Development of recovery plans
16/10/2025 11:46,Philip Martin,Canada,Not mentioned,Not mentioned,Not reported,"Practitioners, Policymakers",Evidence synthesis,Interviews,Stakeholder perceptions,"Existence of evidence, Time lag, Rigour",rayyan-83177554,Not mentioned,Multi-region,National,"Government/statutory body, NGO/non-profit",Environmental management
17/10/2025 15:21,Philip Martin,Colombia,Not mentioned,Not mentioned,Protected area management,"Researchers, Practitioners",No description provided,"Interviews, Documentary analysis",Mixed data,"Rigour, Scientist-actor relationships, Practitioner/policymaker research skills, Capacity and resources",rayyan-83177705,Not mentioned,Multi-region,Local,"Government/statutory body, NGO/non-profit, Academic institution",Protected area management
17/10/2025 15:48,Philip Martin,USA,Marine,Not mentioned,Not reported,Practitioners,No description provided,Documentary analysis,Document-based data,Existence of evidence,rayyan-83177773,Both natural and social sciences,Multi-unit,Local,Government/statutory body,Ecosystem recovery planning
17/10/2025 16:04,Philip Martin,Global,"Forest, Marine, Freshwater, Agricultural systems",Not mentioned,Not reported,Researchers,Peer-reviewed studies,Surveys,Stakeholder perceptions,"Format and language, Quantity of information, Language barrier, Relevance, Timeliness of evidence, Scientist-actor relationships, Social, political, and economic context, Practitioner/policymaker research skills, Capacity and resources",rayyan-83177815,Natural sciences,Multi-country,Not reported,Academic institution,Not reported
17/10/2025 16:14,Philip Martin,"USA, Canada",Freshwater,Fish,Overexploitation,"Researchers, Practitioners",No description provided,Interviews,Stakeholder perceptions,"Relevance, Rigour, Source of evidence, Timeliness of evidence, Researcher skills and awareness, Practitioner/policymaker research skills",rayyan-83177834,Social sciences,Multi-country,International,"Government/statutory body, Indigenous group",Fisheries management
20/10/2025 12:50,Philip Martin,South Africa,Freshwater,Not mentioned,Not reported,Practitioners,Decision-making tools,Interviews,Stakeholder perceptions,"Accessibility of evidence, Format and language, Relevance, Scientist-actor relationships, Social, political, and economic context, Practitioner/policymaker research skills, Capacity and resources, Practitioner/policymaker-stakeholder relationships",rayyan-83177869,Not mentioned,Multi-region,National,Government/statutory body,Freshwater ecosystem management
20/10/2025 13:09,Philip Martin,Canada,Not mentioned,Mammals,Human-wildlife conflict,Practitioners,No description provided,"Focus groups, Documentary analysis",Mixed data,"Time lag, Relevance, Timeliness of evidence, Relationships between colleagues, Social, political, and economic context, Practitioner/policmaker attitude towards evidence use, Capacity and resources, Management",rayyan-83177910,Both natural and social sciences,Multi-unit,Local,"Government/statutory body, Community/local organisation",Grizzly bear management
20/10/2025 15:15,Philip Martin,Sweden,Marine,Not mentioned,"Eutrophication, Pollution, Climate Change, Overexploitation","Researchers, Policy analysts, Science communicators, Journalist",No description provided,Interviews,Stakeholder perceptions,"Format and language, Scientist-actor relationships, Social, political, and economic context, Researcher skills and awareness, Academic demands on researchers, Culture of researchers, Capacity and resources, Management",rayyan-83177922,Not mentioned,Single,International,Academic institution,Management of the Baltic Sea environment
20/10/2025 15:41,Philip Martin,Australia,Not mentioned,Not mentioned,Not reported,Researchers,No description provided,Surveys,Stakeholder perceptions,"Scientist-actor relationships, Practitioner/policymaker-stakeholder relationships",rayyan-83177923,Not mentioned,Single,Not reported,Academic institution,None mentioned
20/10/2025 15:58,Philip Martin,"Sweden, Poland",Not mentioned,Not mentioned,Not reported,Practitioners,No description provided,"Interviews, Documentary analysis",Mixed data,"Relevance, Social, political, and economic context",rayyan-83177931,Not mentioned,Multi-country,Local,Government/statutory body,Protection of the natural environment
20/10/2025 16:20,Philip Martin,USA,Forest,Not mentioned,Fire,"Researchers, Practitioners",Peer-reviewed studies,Interviews,Stakeholder perceptions,"Existence of evidence, Accessibility of evidence, Format and language, Relevance, Uncertainty, Spatial/temporal scale of evidence, Timeliness of evidence, Scientist-actor relationships, Relationships between colleagues, Academic demands on researchers, Practitioner/policmaker attitude towards evidence use, Practitioner/policymaker research skills, Capacity and resources, Practitioner/policymaker-stakeholder relationships",rayyan-83177940,Natural sciences,Not reported,Not reported,"Government/statutory body, NGO/non-profit, Private sector, Academic institution",Fire management in forests
20/10/2025 16:33,Philip Martin,Argentina,Forest,Not mentioned,Land use change,"Practitioners, Policymakers",No description provided,Documentary analysis,Document-based data,"Social, political, and economic context",rayyan-83177962,Natural sciences,Single,National,Government/statutory body,Law-making related to protection of native forests
20/10/2025 17:01,Philip Martin,Brazil,Forest,Not mentioned,Land use change,"Researchers, Practitioners, Policymakers",No description provided,Interviews,Stakeholder perceptions,"Format and language, Time lag, Relevance, Timeliness of evidence, Scientist-actor relationships, Social, political, and economic context, Practitioner/policymaker research skills",rayyan-153485154,Both natural and social sciences,Multi-unit,Regional,"Government/statutory body, NGO/non-profit, Community/local organisation, Academic institution",Atlantic Forest Law
20/10/2025 21:41,Philip Martin,Canada,Freshwater,Fish,Overexploitation,Practitioners,No description provided,Interviews,Stakeholder perceptions,"Accessibility of evidence, Format and language, Time lag, Quantity of information, Relevance, Rigour, Uncertainty, Inconclusive, Source of evidence, Timeliness of evidence, Scientist-actor relationships, Social, political, and economic context, Practitioner/policmaker attitude towards evidence use, Capacity and resources, Management",rayyan-153485211,Not mentioned,Multi-unit,Regional,"Government/statutory body, NGO/non-profit, Community/local organisation, Private sector",Salmon fisheries management
20/10/2025 22:20,Philip Martin,"Belgium, Canada, Estonia, France, Iceland, Ireland, Latvia, Lithuania, Poland, Portugal, Spain, USA,  Denmark, Finland, Germany, Netherlands, Norway, Sweden, Russia, UK ",Marine,Not mentioned,"Overexploitation, Identification of vulnerable ecosystems",Practitioners,Scientific reports,Interviews,Stakeholder perceptions,"Rigour, Source of evidence, Scientist-actor relationships",rayyan-153485299,Not mentioned,Multi-country,International,Intergovernmental organisation,
21/10/2025 11:26,Philip Martin,Canada,Freshwater,Fish,Overexploitation,"Researchers, Practitioners",No description provided,Interviews,Stakeholder perceptions,"Scientist-actor relationships, Relationships between colleagues, Social, political, and economic context, Other stakeholder values and beliefs, Practitioner/policymaker-stakeholder relationships",rayyan-153485304,Not mentioned,Multi-unit,Regional,"Government/statutory body, NGO/non-profit, Private sector, Academic institution",Management of Rainbow trout fishery
21/10/2025 11:39,Philip Martin,Finland,Not mentioned,Mammals,Overexploitation,"Researchers, Practitioners",Citizen science,Interviews,Stakeholder perceptions,"Social, political, and economic context, Other stakeholder values and beliefs",rayyan-153485317,Natural sciences,Multi-unit,Regional,Not detailed,Wolf management
21/10/2025 11:55,Philip Martin,"Australia, New Zealand, UK, USA, Canada",Not mentioned,Birds,Predation of birds,"Researchers, Practitioners",Peer-reviewed studies,Surveys,Stakeholder perceptions,"Practitioner/policymaker research skills, Practitioner/policymaker personal characteristics",rayyan-153485355,Natural sciences,Multi-country,Not reported,"Government/statutory body, NGO/non-profit, Private sector, Academic institution",Management of bird predators
21/10/2025 12:31,Philip Martin,Netherlands,Marine,Not mentioned,Marine spatial planning,"Researchers, Policymakers",No description provided,"Interviews, Focus groups, Documentary analysis",Mixed data,"Existence of evidence, Format and language, Uncertainty, Timeliness of evidence, Scientist-actor relationships, Nature of decision, Social, political, and economic context, Practitioner/policmaker attitude towards evidence use",rayyan-153485396,Both natural and social sciences,Multi-unit,National,"Government/statutory body, Academic institution",Spatial planning of offshore wind farms
21/10/2025 14:59,Philip Martin,USA,Shrubland,Not mentioned,Restoration,Practitioners,Decision-making tools,"Interviews, Workshops",Stakeholder perceptions,"Relevance, Rigour, Scientist-actor relationships, Capacity and resources",rayyan-153485474,Natural sciences,Multi-unit,Not reported,"Government/statutory body, NGO/non-profit, Private sector, Academic institution",Restoration of Sagebrush ecosystems
21/10/2025 16:35,Philip Martin,"Austria, Germany, France, Netherlands, Spain, UK",Forest,Not mentioned,Climate change,"Researchers, Practitioners, Policymakers",No description provided,Interviews,Stakeholder perceptions,"Relevance, Uncertainty, Practitioner/policymaker decision process, Other stakeholder values and beliefs, Practitioner/policymaker-stakeholder relationships",rayyan-153485582,Natural sciences,Multi-country,Local,"Government/statutory body, Private sector, Academic institution",Forest conservation and management related to climate change
21/10/2025 16:54,Philip Martin,Canada,Freshwater,Fish,Overexploitation,Practitioners,No description provided,Interviews,Stakeholder perceptions,"Relevance, Uncertainty, Capacity and resources",rayyan-153485667,Natural sciences,Multi-unit,Regional,"Government/statutory body, NGO/non-profit, Private sector, Recreational fisheries, First nation fisheries",Fishery management
22/10/2025 10:02,Philip Martin,France,Not mentioned,"Birds, Invertebrates",Pest control,"Researchers, Practitioners",Peer-reviewed studies,Interviews,Stakeholder perceptions,"Uncertainty, Social, political, and economic context, Other stakeholder values and beliefs",rayyan-153485748,Natural sciences,Multi-unit,Local,"Government/statutory body, NGO/non-profit, Private sector, Academic institution",Control of mosquitos in a national park
22/10/2025 10:21,Philip Martin,"USA, UK, Australia","Marine, Freshwater",Fish,Not reported,Researchers,No description provided,"Surveys, Interviews",Stakeholder perceptions,"Format and language, Quantity of information, Relevance, Rigour, Uncertainty, Spatial/temporal scale of evidence, Scientist-actor relationships, Relationships between colleagues, Nature of decision, Social, political, and economic context, Practitioner/policymaker research skills, Practitioner/policymaker decision process, Capacity and resources",rayyan-153485761,Natural sciences,Multi-country,Not reported,Academic institution,
22/10/2025 10:38,Philip Martin,Australia,Marine,Fish,Overexploitation,Practitioners,No description provided,Interviews,Stakeholder perceptions,"Scientist-actor relationships, Capacity and resources",rayyan-153485846,Natural sciences,Single,Local,Private sector,
22/10/2025 10:48,Philip Martin,Canada,Not mentioned,Not mentioned,Protected area management,Practitioners,Multiple forms,Surveys,Stakeholder perceptions,"Existence of evidence, Accessibility of evidence, Time lag, Relevance, Rigour, Uncertainty, Spatial/temporal scale of evidence, Timeliness of evidence, Practitioner/policmaker attitude towards evidence use, Practitioner/policymaker research skills, Capacity and resources, Management",rayyan-153485896,Not mentioned,Multi-region,Local,Government/statutory body,Protected area management
22/10/2025 10:56,Philip Martin,Global,"Marine, Freshwater",Fish,Not reported,Researchers,No description provided,"Surveys, Interviews",Stakeholder perceptions,"Scientist-actor relationships, Nature of decision, Culture of researchers",rayyan-153485979,Natural sciences,Multi-country,Not reported,Academic institution,No clear decision
22/10/2025 11:08,Philip Martin,"Mexico, Colombia, Paraguay, Tajikistan, Kyrgyzstan, Kazakhstan, Mongolia, China, Bhutan, Nepal, Myanmar","Forest, Marine, Mountain, Coastal, Agricultural ecosystems",Not mentioned,Climate change,Practitioners,"Reports, Scientists, Online sources",Surveys,Stakeholder perceptions,"Accessibility of evidence, Format and language, Quantity of information, Uncertainty, Spatial/temporal scale of evidence, Social, political, and economic context, Practitioner/policmaker attitude towards evidence use, Capacity and resources, Management",rayyan-153486006,Natural sciences,Multi-country,Not reported,"Government/statutory body, NGO/non-profit, Private sector",
22/10/2025 11:40,Philip Martin,New Zealand,Marine,Not mentioned,Not reported,Practitioners,No description provided,"Interviews, Documentary analysis",Mixed data,"Accessibility of evidence, Rigour, Scientist-actor relationships, Social, political, and economic context, Practitioner/policymaker research skills, Capacity and resources, Other stakeholder values and beliefs",rayyan-153486034,Not mentioned,Multi-region,Regional,Government/statutory body,
22/10/2025 11:53,Philip Martin,Australia,Marine,Not mentioned,Protected area management,"Researchers, Practitioners",Research program,Interviews,Stakeholder perceptions,"Accessibility of evidence, Time lag, Relevance, Timeliness of evidence, Scientist-actor relationships, Academic demands on researchers, Capacity and resources",rayyan-153486042,Not mentioned,Multi-unit,Regional,"Government/statutory body, Academic institution",Management of marine protected area
22/10/2025 12:11,Philip Martin,Canada,Marine,Fish,Overexploitation,"Researchers, Practitioners",Peer-reviewed studies,Documentary analysis,Document-based data,"Time lag, Timeliness of evidence",rayyan-153486347,Natural sciences,Single,National,Intergovernmental organisation,Fisheries management
22/10/2025 12:24,Philip Martin,USA,Not mentioned,Plants,Invasive species,Practitioners,Multiple types,Surveys,Stakeholder perceptions,Relevance,rayyan-153486356,Natural sciences,Multi-unit,Regional,"Government/statutory body, NGO/non-profit, Private sector, Academic institution",Invasive plant management
22/10/2025 13:35,Philip Martin,Antarctica,Marine,Fish,Overexploitation,Policymakers,No description provided,Documentary analysis,Document-based data,"Relationships between colleagues, Social, political, and economic context",rayyan-153486395,Natural sciences,Multi-unit,International,Intergovernmental organisation,
22/10/2025 15:31,Philip Martin,Belize,Marine,Fish,Overexploitation,"Researchers, Practitioners, Policymakers",No description provided,Interviews,Stakeholder perceptions,"Source of evidence, Scientist-actor relationships, Relationships between colleagues, Social, political, and economic context, Capacity and resources",rayyan-153486398,Not mentioned,Multi-unit,National,"Government/statutory body, NGO/non-profit, Academic institution",Fisheries management
22/10/2025 15:48,Philip Martin,UK,Marine,Not mentioned,Not reported,"Practitioners, Policymakers",No description provided,Interviews,Stakeholder perceptions,"Uncertainty, Spatial/temporal scale of evidence, Timeliness of evidence, Practitioner/policmaker attitude towards evidence use, Other stakeholder values and beliefs",rayyan-153486448,Not mentioned,Multi-unit,National,"Government/statutory body, NGO/non-profit, Community/local organisation, Private sector, Academic institution",Marine protected area planning
22/10/2025 15:57,Philip Martin,"Australia, New Zealand",Not mentioned,Not mentioned,Protected area management,Practitioners,No description provided,"Surveys, Interviews, Workshops",Stakeholder perceptions,"Existence of evidence, Accessibility of evidence, Quantity of information, Relevance, Rigour, Uncertainty, Nature of decision, Social, political, and economic context, Practitioner/policmaker attitude towards evidence use, Practitioner/policymaker research skills, Practitioner/policymaker decision process, Capacity and resources, Other stakeholder values and beliefs",rayyan-153486476,Not mentioned,Multi-country,National,"Government/statutory body, NGO/non-profit",Protected area management
23/10/2025 11:52,Philip Martin,"Germany, Switzerland, Poland",Forest,Not mentioned,Forest managment,"Researchers, Practitioners",Evidence-based guidance,Interviews,Stakeholder perceptions,"Format and language, Quantity of information, Relevance, Uncertainty, Scientist-actor relationships, Nature of decision, Social, political, and economic context, Practitioner/policmaker attitude towards evidence use, Practitioner/policymaker decision process",rayyan-153486487,Natural sciences,Multi-country,Not reported,"Government/statutory body, Private sector, Academic institution",Forest management
23/10/2025 12:14,Philip Martin,"USA, Canada",Freshwater,Fish,Climate change,"Practitioners, Policymakers","Multiple types: Data, publications","Surveys, Focus groups",Stakeholder perceptions,"Accessibility of evidence, Format and language, Quantity of information",rayyan-153486507,Natural sciences,Multi-country,International,"Government/statutory body, Community/local organisation, Private sector",Climate change impacts on fisheries
23/10/2025 12:33,Philip Martin,Netherlands,Marine,Not mentioned,Protected area designation,"Researchers, Policymakers",No description provided,"Interviews, Documentary analysis",Mixed data,"Existence of evidence, Rigour, Source of evidence, Scientist-actor relationships, Social, political, and economic context",rayyan-153486508,Not mentioned,Multi-region,National,"Government/statutory body, Academic institution",Marine protected area designation
23/10/2025 13:36,Philip Martin,Global,Not mentioned,Not mentioned,Overexploitation,Policymakers,No description provided,Documentary analysis,Document-based data,"Social, political, and economic context, Practitioner/policmaker attitude towards evidence use, Practitioner/policymaker decision process, Other stakeholder values and beliefs",rayyan-153486538,Natural sciences,Single,International,Government/statutory body,CITES listing 
23/10/2025 16:36,Philip Martin,"Australia, Kenya, Belize",Marine,Not mentioned,Protected areas management,Practitioners,Peer-reviewed studies,Documentary analysis,Document-based data,Format and language,rayyan-153486558,Not mentioned,Multi-country,Not reported,Government/statutory body,Marie protected area management
23/10/2025 16:51,Philip Martin,Africa,Not mentioned,Not mentioned,Not reported,"Researchers, Practitioners",No description provided,Workshops,Stakeholder perceptions,"Accessibility of evidence, Time lag, Relevance, Uncertainty, Timeliness of evidence, Scientist-actor relationships, Practitioner/policymaker decision process",rayyan-153486568,Not mentioned,Multi-country,Not reported,"Government/statutory body, NGO/non-profit, Academic institution",
24/10/2025 11:33,Philip Martin,"Fiji, Kiribati, Marshall Islands, Micronesia (Federated States of), Nauru, Palau, Papua New Guinea, Samoa, Solomon Islands, Timor-Leste, Tonga, Tuvalu, Vanuatu",Marine,Not mentioned,Not reported,Practitioners,No description provided,Interviews,Stakeholder perceptions,"Language barrier, Uncertainty, Practitioner/policymaker-stakeholder relationships",rayyan-153486571,Not mentioned,Multi-country,Not reported,"Government/statutory body, NGO/non-profit, Intergovernmental organisation",
24/10/2025 11:42,Philip Martin,Not details,Not mentioned,Not mentioned,Not reported,"Researchers, Practitioners, Funder",No description provided,Workshops,Stakeholder perceptions,"Relevance, Spatial/temporal scale of evidence, Scientist-actor relationships, Academic demands on researchers, Capacity and resources",rayyan-153486587,Not mentioned,Not reported,Not reported,Academic institution,No specific decision
24/10/2025 12:06,Philip Martin,UK,Marine,Not mentioned,Protected area designation,"Researchers, Practitioners",No description provided,"Interviews, Documentary analysis",Mixed data,"Existence of evidence, Rigour, Uncertainty, Scientist-actor relationships, Social, political, and economic context, Practitioner/policmaker attitude towards evidence use, Other stakeholder values and beliefs, Practitioner/policymaker-stakeholder relationships",rayyan-153486591,Not mentioned,Single,National,"Government/statutory body, NGO/non-profit, Academic institution",Marine protected area designation in the UK
24/10/2025 12:29,Philip Martin,Canada,Not mentioned,Not mentioned,Protected area management,Practitioners,Peer-reviewed studies,Surveys,Stakeholder perceptions,"Existence of evidence, Accessibility of evidence, Relevance, Rigour, Uncertainty, Spatial/temporal scale of evidence, Inconclusive, Scientist-actor relationships, Practitioner/policymaker research skills, Practitioner/policymaker personal characteristics, Practitioner/policymaker decision process, Capacity and resources",rayyan-153486598,Not mentioned,Multi-unit,Regional,"Government/statutory body, NGO/non-profit",Protected area management effectiveness
24/10/2025 12:41,Philip Martin,Switzerland,Forest,Not mentioned,Forest managment,Practitioners,Multiple sources,Surveys,Stakeholder perceptions,"Accessibility of evidence, Format and language, Language barrier, Practitioner/policymaker personal characteristics, Capacity and resources",rayyan-153486600,Not mentioned,Multi-region,Not reported,"Government/statutory body, NGO/non-profit",Forest management
24/10/2025 13:01,Philip Martin,South-East Asia,Marine,Not mentioned,Not reported,Practitioners,Decision-making tools,Interviews,Stakeholder perceptions,"Accessibility of evidence, Format and language, Practitioner/policymaker research skills",rayyan-153486624,Both natural and social sciences,Multi-country,Not reported,NGO/non-profit,Marine conservation development
24/10/2025 13:16,Philip Martin,"UK, France, Switzerland, Netherlands, Romania, Brazil, Kenya, Tanzania, Mali, India",Not mentioned,Not mentioned,Not reported,Practitioners,No description provided,Interviews,Stakeholder perceptions,"Existence of evidence, Relevance, Nature of decision, Capacity and resources",rayyan-153486656,Not mentioned,Multi-country,National,Private sector,Business impact mitigation
24/10/2025 13:25,Philip Martin,Australia,Not mentioned,Not mentioned,Protected area management,Practitioners,"Empirical evidence (published studies, monitoring data, condition assessments)",Surveys,Stakeholder perceptions,Accessibility of evidence,rayyan-153486818,Natural sciences,Multi-region,Regional,Government/statutory body,Protected areas management
24/10/2025 16:03,Philip Martin,"UK, Australia",Not mentioned,Not mentioned,Protected area management,Practitioners,Peer-reviewed studies,"Surveys, Interviews",Stakeholder perceptions,"Accessibility of evidence, Format and language, Practitioner/policymaker research skills",rayyan-153486824,Not mentioned,Multi-country,Regional,"Government/statutory body, NGO/non-profit",Protected area management
24/10/2025 16:19,Philip Martin,USA,Not mentioned,Not mentioned,Not reported,Practitioners,No description provided,Interviews,Stakeholder perceptions,"Existence of evidence, Accessibility of evidence, Format and language, Practitioner/policymaker-stakeholder relationships",rayyan-153486837,Not mentioned,Single,International,Government/statutory body,Technical assistance to support evidence use in biodiversity program
29/10/2025 15:26,Philip Martin,"USA, Australia, Italy, Canada",Freshwater,Reptiles or Amphibians,"Pollution, Climate change, Land use change",Researchers,Decision-making tools,Surveys,Stakeholder perceptions,"Language barrier, Uncertainty, Spatial/temporal scale of evidence, Scientist-actor relationships, Implementation capacity, Academic demands on researchers, Practitioner/policmaker attitude towards evidence use, Practitioner/policymaker decision process, Capacity and resources, Management",rayyan-153486872,Not mentioned,Multi-country,Not reported,Not detailed,Multiple different decision types
29/10/2025 15:42,Philip Martin,USA,Not mentioned,Not mentioned,Climate change,"Researchers, Practitioners, Policymakers",Multiple sources,Surveys,Stakeholder perceptions,"Accessibility of evidence, Format and language, Relevance, Practitioner/policymaker awareness of evidence",rayyan-153486928,Not mentioned,Multi-unit,Not reported,"Government/statutory body, NGO/non-profit, Academic institution",Adaptive management to climate change
29/10/2025 15:54,Philip Martin,UK,Not mentioned,Not mentioned,Not reported,Practitioners,Peer-reviewed studies,"Surveys, Interviews, Documentary analysis",Mixed data,"Accessibility of evidence, Format and language, Relationships between colleagues, Practitioner/policymaker research skills, Capacity and resources",rayyan-153486962,Natural sciences,Multi-unit,Local,"Government/statutory body, NGO/non-profit",Nature Reserve Management
29/10/2025 16:11,Philip Martin,Peru,"Desert, Forest, Grassland, Shrubland, Marine, Freshwater",Not mentioned,Protected area management,"Researchers, Practitioners, Policymakers",No description provided,"Surveys, Interviews, Workshops",Stakeholder perceptions,"Existence of evidence, Accessibility of evidence, Time lag, Language barrier, Relevance, Rigour, Timeliness of evidence, Scientist-actor relationships, Implementation capacity",rayyan-153487005,Both natural and social sciences,Multi-unit,Regional,"Government/statutory body, Academic institution",Protected area management
30/10/2025 07:06,Philip Martin,"Germany, France, Norway, Denmark, Italy, Austria, Spain, Australia, Canada","Marine, Freshwater","Invertebrates, Fish",Overexploitation,"Researchers, Practitioners",No description provided,Workshops,Stakeholder perceptions,"Accessibility of evidence, Format and language, Language barrier, Rigour, Scientist-actor relationships, Implementation capacity, Practitioner/policmaker attitude towards evidence use, Practitioner/policymaker research skills, Culture of practitioner/policymakers",rayyan-153487012,Natural sciences,Multi-country,Regional,Academic institution,Fishery management
30/10/2025 07:30,Philip Martin,Bolivia,Forest,Not mentioned,Not reported,"Researchers, Practitioners",No description provided,"Interviews, Focus groups, Workshops",Stakeholder perceptions,"Relevance, Scientist-actor relationships, Researcher skills and awareness, Culture of researchers",rayyan-153487052,Not mentioned,Multi-unit,Local,"Government/statutory body, Academic institution",Natural resources management
31/10/2025 10:18,Philip Martin,Australia,Marine,"Mammals, Reptiles or Amphibians",Natural resource management,"Researchers, Practitioners, Policymakers",No description provided,Interviews,Stakeholder perceptions,Scientist-actor relationships,rayyan-153487101,Not mentioned,Multi-region,Not reported,"Government/statutory body, NGO/non-profit, Community/local organisation, Private sector, Academic institution",Natural resource management in the Great Barrier Reef
31/10/2025 10:34,Philip Martin,USA,"Freshwater, Floodplains","Birds, Mammals, Plants, Invertebrates, Reptiles or Amphibians, Fish","Ecosystem restoration, Invasive species, Endangered species managemnt",Practitioners,"Multiple sources, Peer-reivewed studies, Reports, Collaboration, Meetings","Surveys, Workshops",Stakeholder perceptions,"Existence of evidence, Accessibility of evidence, Rigour, Uncertainty, Spatial/temporal scale of evidence, Social, political, and economic context, Implementation capacity, Capacity and resources",rayyan-153487109,Natural sciences,Multi-unit,Local,"Government/statutory body, NGO/non-profit",Floodplain management
31/10/2025 11:02,Philip Martin,South Africa,Agricultural systems,Not mentioned,GMOs,"Researchers, Practitioners, Policymakers",Expert opinion,Workshops,Stakeholder perceptions,"Scientist-actor relationships, Relationships between colleagues, Practitioner/policymaker-stakeholder relationships",rayyan-153487130,Natural sciences,Multi-unit,Not reported,"Government/statutory body, NGO/non-profit, Private sector, Academic institution",Environmental risk assessment of GMOs
31/10/2025 11:30,Philip Martin,"UK, Norway, Denmark, Germany,  Netherlands, Belgium, France",Marine,Not mentioned,Pollution,"Researchers, Policymakers",No description provided,Documentary analysis,Document-based data,"Time lag, Relevance, Uncertainty, Timeliness of evidence, Social, political, and economic context, Practitioner/policymaker personal characteristics",rayyan-153487185,Natural sciences,Multi-country,International,"Government/statutory body, Academic institution",Policymaking about management of eutrophication
31/10/2025 11:51,Philip Martin,"Canada, USA, Mexico, Guatemala, Costa Rica, Colombia, Ecuador, Chile, Argentina, Brazil, UK, France, Spain, Belgium, Germany, Italy, Switzerland, Austria, Greece, Israel, Georgia, India, China, Malaysia, Indonesia, Japan, Australia, South Africa, Algeria, Ivory Coast, Nigeria, Cameroon, Congo, Ethiopia, Kenya, Tanzania, Portugal, Netherlands, Norway, Sweden, denmark, Finland, Russia, Romania, Hungary, Poland, Ghana, Liberia, New Zealand",Not mentioned,Not mentioned,Not reported,"Researchers, Practitioners, Policymakers",No description provided,Surveys,Stakeholder perceptions,"Time lag, Relevance, Uncertainty, Timeliness of evidence, Scientist-actor relationships, Social, political, and economic context, Researcher skills and awareness, Capacity and resources, Other stakeholder values and beliefs, Practitioner/policymaker-stakeholder relationships",rayyan-153487268,Not mentioned,Multi-country,Not reported,Not detailed,
31/10/2025 12:07,Philip Martin,South Africa,Freshwater,Not mentioned,Not reported,"Researchers, Practitioners",No description provided,Interviews,Stakeholder perceptions,"Format and language, Relevance, Uncertainty, Scientist-actor relationships, Relationships between colleagues, Practitioner/policmaker attitude towards evidence use, Management",rayyan-153487445,Not mentioned,Multi-region,Not reported,Government/statutory body,
31/10/2025 12:26,Philip Martin,Australia,Not mentioned,Not mentioned,Not reported,Practitioners,Expert opinion,Interviews,Stakeholder perceptions,"Time lag, Relevance, Rigour, Spatial/temporal scale of evidence, Source of evidence, Social, political, and economic context, Implementation capacity",rayyan-153487515,Both natural and social sciences,Multi-unit,National,Government/statutory body,Species prioritisation
31/10/2025 12:43,Philip Martin,UK,Not mentioned,Not mentioned,Not reported,"Researchers, Practitioners, Policymakers",Report,"Interviews, Documentary analysis",Mixed data,"Format and language, Rigour, Uncertainty, Timeliness of evidence, Social, political, and economic context",rayyan-153487658,Not mentioned,Multi-unit,National,"Government/statutory body, NGO/non-profit, Academic institution",National policy on nature conservation
31/10/2025 12:51,Philip Martin,Brazil,Not mentioned,Not mentioned,Not reported,"Researchers, Practitioners, Policymakers",Peer-reviewed studies,Interviews,Stakeholder perceptions,"Accessibility of evidence, Format and language, Language barrier, Practitioner/policmaker attitude towards evidence use, Practitioner/policymaker research skills, Capacity and resources",rayyan-153487667,Natural sciences,Multi-unit,National,"Government/statutory body, Academic institution",No specific decision
31/10/2025 13:14,Philip Martin,South Africa,Not mentioned,Mammals,Not reported,Practitioners,"Peer-reviewed studies, Reports",Interviews,Stakeholder perceptions,"Relevance, Spatial/temporal scale of evidence, Source of evidence, Timeliness of evidence, Scientist-actor relationships, Social, political, and economic context, Implementation capacity, Practitioner/policmaker attitude towards evidence use, Practitioner/policymaker personal characteristics, Culture of practitioner/policymakers, Capacity and resources",rayyan-153487781,Natural sciences,Multi-region,Local,Government/statutory body,Management of elephant populations
31/10/2025 15:45,Philip Martin,Canada,Not mentioned,Not mentioned,Not reported,Practitioners,Peer-reviewed studies,"Surveys, Documentary analysis",Mixed data,"Relevance, Spatial/temporal scale of evidence",rayyan-153487982,Not mentioned,Single,Regional,NGO/non-profit,Conservation planning process
02/11/2025 17:01,Philip Martin,"Anguilla, Antigua and Barbuda,  Belize, Colombia, Costa Rica, Cuba, Dominica, Dominican Republic, Grenada, Guatemala, Guyana, Jamaica, Montserrat, Nicaragua, Panama, Saint Kitts and Nevis, Saint Lucia, Saint Vincent and the Grenadines, Suriname, Trinidad and Tobago, USA",Marine,Not mentioned,Not reported,"Researchers, Policymakers",Peer-reviewed studies,Interviews,Stakeholder perceptions,"Existence of evidence, Accessibility of evidence, Format and language, Time lag, Relevance, Rigour, Uncertainty, Source of evidence, Timeliness of evidence, Scientist-actor relationships, Practitioner/policmaker attitude towards evidence use, Practitioner/policymaker awareness of evidence",rayyan-153487798,Both natural and social sciences,Multi-country,National,Government/statutory body,Marine resources governance
02/11/2025 18:05,Philip Martin,"Australia, New Zealand","Desert, Forest",Not mentioned,Not reported,Practitioners,Research data,Workshops,Stakeholder perceptions,"Existence of evidence, Practitioner/policymaker research skills, Capacity and resources",rayyan-153488456,Natural sciences,Multi-country,Regional,"Government/statutory body, NGO/non-profit",
